Date,Label,Top1,Top2,Top3,Top4,Top5,Top6,Top7,Top8,Top9,Top10
2021-01-06,0,"Today Air Canada revealed a stunning new retro-jet on its latest undelivered Airbus A220 aircraft. The plane, registered C-GNBN, sports the Trans-Canada Air ...","Furthermore, Canadian low-cost leisure airline Air Transat, which also connects Toronto to Zagreb, considers cancelling its service on that route due to low ...","Well, Air Canada's newest A220 (with the registration code C-GNBN) will be commemorating Trans-Canada Air Lines, the predecessor to Air Canada. Seriously ...",Air Canada's chief executive and a top union official expressed confidence that Ottawa will provide an aid package for airlines after the carrier recorded its ...,Another round of layoffs at Air Canada has come with a price in New Brunswick as the airline industry awaits word of a federal aid package. Air Canada ...,-- The union representing employees who've recently received lay off notices at Air Canada's Saint John call centre said jobs could return quickly if a federal airline ...,"This takes Air Canada's total job cuts for this year up to 5,000. Do you think the Canadian government should provide direct support to the country's airlines? Let us ...","Cold, dense air has indeed flowed south like molasses from Canada. Track the three-thousand-kilometre journey below. But how did it arrive in the Prairies?",She is asking anyone who travelled on Air Canada Flight AC8302 from Montreal to Charlottetown on Feb. 16 to get tested for COVID-19 if they haven't already ...,"-- Close to 100 people at the Air Canada call centre in Saint John are among the latest to feel the sting of a COVID-19 related job loss. Prior to the pandemic, there ..."
2021-01-07,1,"Air Canada Rouge was forced to suspend operations for the second time since the pandemic began, and Air Canada canceled orders for nearly two dozen ...","The travelers also made a false declaration about their health status before boarding a flight to Canada, after having tested positive for novel coronavirus a few ...","Air Canada's Tariff (the contract between Air Canada and its passengers), states at rule 75(B)(2)(c) that Air Canada may refuse to transport a passenger when it ...","National Bank Financial lowered their target price on shares of Air Canada (AC.TO) from C$30.00 to C$26.00 and set an ""outperform"" rating on the stock in a ...",Other TraceSCAN users besides LIUNA have been Air Canada and Waywayseecappo First Nation. The Daily Commercial News will have more on this story.,"The Brazilian government on Thursday withdrew its complaint to the World Trade Organization against Canada over government subsidies to Bombardier, ...","Canadian rules for air travel will become more stringent on Feb. 22, when everyone arriving in the country by air will be required to take a COVID-19 molecular ...",Canada's antitrust watchdog has criticised the behavioural remedies laid out by the country's transport authority in its conditional clearance of Air Canada's ...,"... its achievement toward the airliner Air Canada's mentorship ‚Äî and even more specifically, Calin Rovinescu's vision and leadership, along with Richard Steer, ...",The man travelled on Air Canada flight AC8302 from Montreal to Charlottetown on Feb. 16. Anyone who traveled on that flight who isn't tested regularly is ...
2021-01-08,0,Pre-departure testing of air travellers is a key component of the Government of Canada's efforts to protect the health and safety of Canadians. Following a ...,"TO), Air Canada (AC.TO), Russel Metals (RUS.TO), Mullen Group (MTL.TO), Cae Inc. (CAE.TO), Tfi International (TFII.TO), Canadian Pacific Railway (CP.","Some Canadians abroad plan to change their route home and cross the border by land, instead of air, to bypass Canada's pricey new hotel quarantine ...","Meanwhile, Air Canada announced it laid off 1,500 union employees due to falling revenues. Locally, we have just learned that Laurentian University is ...","Air Canada, The Toronto-Dominion Bank, Canadian Imperial Bank of Commerce, and Visa Canada Corporation entered into an agreement with Aimia Inc. for ...","Most recently, an Air Canada flight (AC8302) departed Montreal for Charlottetown on Tuesday. Since last week, outgoing and Montreal-bound domestic flights ...","Air Canada has also made deep cuts to its international and domestic routes. Ed Sims, WestJet's chief executive officer, said in a statement on Thursday the new ...","Meanwhile, Air Canada announced it laid off 1,500 union employees due to falling revenues. Locally, we have just learned that Laurentian University is ...","Air Canada, The Toronto-Dominion Bank, Canadian Imperial Bank of Commerce, and Visa Canada Corporation entered into an agreement with Aimia Inc. for ...","SA, comes as larger rivals Airbus AIR.PA and Boeing BA.N remain locked in a 16-year-old trade dispute at the WTO that has led to transatlantic tariffs. While the ..."
2021-01-11,0,"Most recently, an Air Canada flight (AC8302) departed Montreal for Charlottetown on Tuesday. Since last week, outgoing and Montreal-bound domestic flights ...","Air Canada has also made deep cuts to its international and domestic routes. Ed Sims, WestJet's chief executive officer, said in a statement on Thursday the new ...",MONTREAL - The International Air Transport Association (IATA) recognizes that the immediate focus of the Government of Canada is limiting the spread of ...,... the USWNT will take on CONCACAF rivals Canada and Reign teammate Quinn. Both games will air on FS1 and either stream or air on TUDN simultaneously.,"The man travelled on Air Canada flight AC8302 from Montreal to Charlottetown on Feb. 16, and anyone on that flight who has not been tested for COVID-19 is ...","Facedrive has signed major partnerships and agreements with both the government of Ontario and Canada's largest airline, Air Canada, to use this ...","The latest case, the Island's 115th since the pandemic began last March, was confirmed in a man in his 20s who was on Air Canada flight AC8302 from Montreal ...","‚ÄúWe're not trying to punish people, we're trying to keep people safe,‚Äù said Trudeau. Click to play video 'Canada's new travel restrictions at land borders come into ...","CANADA‚ÄîU.S. Customs and Border Protection (CBP) officers recently made an ... in the biometric facial comparison process at air, land and sea ports of entry.","The latest round of layoffs at Air Canada announced this months are having a direct impact on the Atlantic region. As Tim Roszell reports, the industry is ..."
2021-01-12,1,"""We'll just pick it up and drive home,"" they explained. The restrictions at Canada's land borders and air borders are pretty different, but there's good reason for it ...","Apart from the general details of the Home Air Purifiers market, we ensure to include chapters which give you ... North America (the US, Canada and Mexico)","Two air travellers have been fined a combined total of $17,000 for allegedly lying ... a negative PCR COVID-19 test before boarding a flight heading to Canada.",BioCloud's Science Is up in the Air. A Canadian company's solution to detecting the coronavirus in the air leaves many important questions unanswered.,"‚ÄúMedical Grade Air Disinfection Machine Market is growing at a High CAGR during the forecast period ... North America (the United States, Mexico, and Canada)","... Operate Safely with Indoor Air Quality Monitoring and Management Solution ... United States and Canada, collects critical data about a building's air quality ...","OTTAWA ‚Äî The Supreme Court of Canada will look at the constitutionality of a ... natural park where families walk on weekends to get some fresh air,"" she said.","Canada requires those entering the country to isolate for 14 days. And starting Monday, air travelers who arrive in Canada will be forced to quarantine in a hotel ...","A community north of Detroit with some of Michigan's worst air pollution will see ... River in Sania, Ontario, part of an area dubbed Canada's ‚ÄúChemical Valley.‚Äù.","Supply chains have been disrupted, various means of trade (including by air) have ... In that episode, global trade declined 12 per cent, while Canada's trade fell ..."
2021-01-13,0,"The Air Circulators Market report is a compilation of first-hand information, qualitative and quantitative ... North America (United States, Canada and Mexico)","... Period 2020‚Äì2027 | Acadian Ambulance Service, Air Methods Corporation ... North America (United States, Mexico, and Canada); South America (Brazil etc.) ...","When ‚Äî or if ‚Äî they can return to Rogers Centre this season remains up in the air. ... Canada's lone big-league club played most of its home games in Buffalo, ...","Solvay, Air Liquide, ABCR GmBR Co, Air Products, Honeywell, Shandong ... Canada, Germany, UK, France, Spain, Italy, China, Japan, India, South Korea, ...","Coronavirus vaccine tracker: How many people in Canada have received shots? ... will air on CNN International's ""Quest Means Business"" show at 3:00 p.m. ET.",‚ÄúI also urge that those kept caged in Canada's colonial federal penitentiaries be ... not being allout outside for a bit of fresh air during the day while on lockdown.,"... at the end of August of production in Charleston on eight copies of Air Canada, Singapore Airlines and United Airlines, of ‚Äúnon-compliance‚Äù on the assembly of ...","Mel is joined by Canada's Chief Public Health Officer, Dr. Theresa Tam to talk about the possibility of a third wave due to the variants spreading across Canada, ...","... amid an unprecedented global slump in air travel because of the pandemic, but expects to ... Canada is poised to receive millions of vaccine does this spring.","The mandated requirements (stemming from the loss of both Air France Flight ... hiring for a number of roles across Canada in Kelowna, Victoria, and Ottawa."
2021-01-14,1,"Shares of Air Canada have dropped nearly 50% over the past year as of early afternoon trading on February 18. However, the stock has increased 3.4% in 2021 ...","The loan facility will now terminate at the earliest date between June 30, 2021, and the closing of the arrangement with Air Canada (the ""Arrangement"").",Featherweight Charles (Air) Jourdain (10-3-1) faces Steve (Mean Machine) Garcia (11-4-0) while light-heavyweight Misha Cirkunov (15-5-0) takes on Ryan ...,"... leaped to their feet, thrust their arms in the air and cheered in both triumph and relief on receiving confirmation that the six-wheeled Perseverance had touched ...",World ¬∑ Canada. Local. Politics ¬∑ Money ¬∑ Health ¬∑ Entertainment ¬∑ Lifestyle ¬∑ Watch ¬∑ Perspectives ¬∑ Sports ¬∑ Commentary ¬∑ Contests ¬∑ Podcasts. Electricity is in the ...,"Air Canada pulled its direct flight to Toronto in January, and with this news from WestJet, Avery fears the 80 per cent figure was overly optimistic. ""Now it appears ...","In addition to the commercial showcase, in the four days that the forum lasts Academic spaces related to trends in sustainable tourism, cultural diversity and air ...","Loblaw reported that two of its Real Canadian Superstore locations had staff ... Air Canada Flight 114, Vancouver to Toronto;; February 12, Air Canada/Jazz ...","Last month, Ford said it would comply with an earlier NHTSA request to recall three million vehicles with potentially defective driver-side Takata air bags and would ...","Canada looked shaky, their goalkeeper Kailen Sheridan clearing a ball directly into Carli Lloyd's legs, then Desiree ... The game will air live on FS1 and TUDN."
2021-01-15,0,11 a.m. ‚Äì Canada fines two air passengers for false COVID-19 tests. Canada has fined two passengers for presenting a false or misleading COVID-19 test ...,"The report provides an exhaustive calculation of the Turbine Air Filtration ... North America (United States, Mexico, and Canada); South America (Brazil etc.) ...",Deutsche Bahn ¬∑ DHL ¬∑ FedEx ¬∑ UPS ¬∑ Agility ¬∑ Air Canada Cargo ¬∑ Avinex Ukr ¬∑ Biocair International ...,"Air Canada on Thursday revealed a new special retro livery on one of its new Airbus A220 aircraft. The plane, registered as C-GNBN, features the livery of ...",The announcement reiterated that non-essential travellers arriving in Canada by land and by air will be subject to COVID-19 testing upon arriving in Canada ...,"Snow is expected to pick up over parts of Atlantic Canada later Friday as a ... On the one hand, there will be more than enough Arctic air still in the mix to ensure ...","Seafood processing facilities in Cape Breton are investing in air cleaning ... Walsh, president of Canadian distributor PFS Health Solutions, based in St. John's.","The man travelled on Air Canada flight AC8302 from Montreal to Charlottetown on Feb. 16, and anyone on that flight who has not been tested for COVID-19 is ...","Air Cote d'Ivoire now has a fleet of ten aircraft, including three A319s and three A320s, serving 25 domestic and regional destinations in West and Central Africa.","... Players ‚Äì Amcor , Hayssen Flexible Systems , Air Products and Chemicals , Robert Reiser , Dansensor ... North America (the US, Canada and Mexico)"
2021-01-18,1,"Air Canada has also laid-off around 1,500 more employees since the travel ban was announced, including 100 call center workers. ‚ÄúWorkers in this sector are ...","... Panalpina, Nippon Express, GEODIS, VersaCold, Agility, DSV, Sinotrans, Kerry Logistics, SF Express, CEVA, CH Robinson, Air Canada Cargo and others.",European Regulators Refuse To Give Air Canada The Go-Ahead To Purchase Transat Despite Canadian Government Approval. Published on Feb 19 2021 1:33 ...,Best Buy Canada's weekly sale includes a rare deal on this Dyson Hot+Cool fan. Yahoo Lifestyle Canada is committed to finding you the best products at the best ...,"... mobile-powered solutions such as the Government of Canada's COVID Alert ... customers such as LiUNA and Air Canada, SMEs, First Nations communities, ...","For existing structures, Kostopoulos says, we need innovative solutions. To that end, he recently became the exclusive Canadian distributor of patented ...","While air crews have had to get tested frequently, they've been exempt from the ... Unfortunately Cathay Pacific recently closed all of its US and Canada flight ...",B.C. COVID-19 coverage ¬∑ Feb. 3: Air Canada/Jazz flight 8550 from Vancouver to Regina (rows 16 to 22) ¬∑ Feb. 9: WestJet flight 3110 from Kelowna to Calgary ( ...,"Canadian peer Air Canada turned the aircraft out on flights from Toronto to Halifax, Montreal, Ottawa, Edmonton and Winnipeg, beginning on 1 February. The ...","Air guns use compressed gas to propel pellets in contrast to firearms, which ignite a propellant to fire a bullet or cartridge. Cassy Premack ‚Äî who runs the KKS ..."
2021-01-19,1,"Canadian peer Air Canada turned the aircraft out on flights from Toronto to Halifax, Montreal, Ottawa, Edmonton and Winnipeg, beginning on 1 February. The ...","Air guns use compressed gas to propel pellets in contrast to firearms, which ignite a propellant to fire a bullet or cartridge. Cassy Premack ‚Äî who runs the KKS ...","10am - New York City - United Airlines, Air Canada, Lufthansa, Swiss International Airlines, Austrian, Delta Air Lines, Air France, KLM - Royal Dutch Airlines, ...","Shovelling is a way of life in Canada, but is there a RIGHT way to do it? ... The $190-million acquisition by Air Canada that was approved by the federal ...","Nike has a sprint (Air Zoom Viperfly), mid (Air Zoom Victory) and long-distance (Dragonfly) ... (The Nike spikes are sold out, and most U.S. don't ship to Canada.) ...","Latest news for Feb. 1. Ramp up Canadian vaccine manufacturing, says COVID-19 task force health adviser. Air Canada, Rogers and Suncor part of consortium ...","19, 2021 (GLOBE NEWSWIRE) -- The science is clear: the virus is in the air and ... line with that of the Public Health Agency of Canada (PHAC), at a minimum.","By Sea, Air and Land ~ Enhanced Restrictions in place at Canada's Borders to Stave off COVID and its Variants. By. Lynne Brown. -. February 19, 2021. 0 ...",Passengers in rows six to 12 on Air Canada Jazz flight 8050 from Victoria to Vancouver Feb. 12 were exposed to a case of COVID-19. (THE CANADIAN ...,"TO), Finning International (FII.TO), Ats Automation (ATA.TO), Air Canada (AC.TO), WSP Global (WSP.TO) and Canadian Pacific Railway (CP.TO) are gaining 1.8 ..."
2021-01-20,0,"Canada's flagship air carrier has posted a $1.16-billion loss for the fourth quarter of 2020, a result that caps off what the company's chief executive officer (CEO) ...","Air Canada (TSX:AC). Up $1.09, or 4.9 per cent, to $23.42. Air Canada's acquisition of Transat AT Inc. is up in the air after Canada's largest airline said it will not ...","Although some international travelers are being allowed to fly to Canada, new measures for those arriving to Canada's air and land ports of entry have been ...","Record cold temps in the states are surging the energy sector while the global markets eye vaccine updates, and Air Canada is close to a deal with Ottawa to ...","12: Air Canada flight 311 from Montreal to Vancouver. Domestic travellers are not required to quarantine in B.C., but health officials have advised against non- ...","(Reuters) - Air Canada won't extend a Feb. 15 deadline for its C$188.7 million ($148.73 million) takeover of Transat A.T., the Canadian tour operator said on ...",Canadian tour operator Transat A.T. Inc said on Tuesday Air Canada had refused to extend the deadline for its C$188.7 million ($148.73 million) takeover deal ...,Canadian media executive Pierre Karl Peladeau said he's ready to step in and buy Transat AT Inc. now that the vacation company's takeover by Air Canada is ...,Air Canada a maintenant le loisir d'abandonner son projet d'acheter Air Transat avec le d√©passement de la date butoir pour cl√¥ture de la transaction qui avait ...,"Purchase by Air Canada is in jeopardy after missed deadline ¬∑ Onex deal would face fewer antitrust issues, analyst writes."
2021-01-21,0,Canadian media executive Pierre Karl Peladeau said he's ready to step in and buy Transat AT Inc. now that the vacation company's takeover by Air Canada is ...,Air Canada a maintenant le loisir d'abandonner son projet d'acheter Air Transat avec le d√©passement de la date butoir pour cl√¥ture de la transaction qui avait ...,"Purchase by Air Canada is in jeopardy after missed deadline ¬∑ Onex deal would face fewer antitrust issues, analyst writes.","Did you travel on Air Canada Flight 7484 that departed Toronto Thursday, February 11 & arrived in Deer Lake on Friday, February 12? If so, please arrange ...","M1 was able to quickly achieve MACH 5 due to Air Canada's mentorship. Calin Rovinescu's vision and leadership, along with Richard Steer, Michael Rousseau, ...",Canadian tour operator Transat A.T. Inc said on Tuesday Air Canada had refused to extend the deadline for its C$188.7 million ($148.73 million) takeover deal ...,"Air Canada (TSX:AC). Up $1.09, or 4.9 per cent, to $23.42. Air Canada's acquisition of Transat AT Inc. is up in the air after Canada's largest airline said it will not ...","Finally, with a direct Air Canada flight to Montr√©al, passengers from Nice can get the bulk of the travelling out of the way before connecting onto the Canadian ...","NAV CANADA has recently put Air Traffic Control towers at several sites including YQR under review, with the potential of a closure or reduction to this crucial ...",Canadian tour operator Transat A.T. Inc said on Tuesday Air Canada had refused to extend the deadline for its C$188.7 million ($148.73 million) takeover deal ...
2021-01-22,1,12 as a first step in a three-phase procurement process to replace the Royal Canadian Air Force (RCAF) CC-150 Polaris strategic airlift fleet. The RCAF is looking ...,"... FedEx, Nippon Express, World Courier, SF Express, Panalpina, CEVA, Agility, DSV, Kerry Logistics, CH Robinson, VersaCold, Marken, Air Canada Cargo.","During the conference, Prime Minister Trudeau also announced that ‚ÄúThe government and Canada's main airlines have agreed to suspend air services to sun ...","The Arctic air is forecast to retreat all the way back to far northern Canada. I think we are pretty much in agreement here, this is a good thing. Warmer days are ...",Transat A.T. disclosed this morning that it's been informed Air Canada will not negotiate an extension of the Feb. 15 outside date to wrap up its takeover ...,"walks away from its deal with Air Canada. In a statement released last night on Twitter, PKP declared he still has the means and the desire to buy Transat and ...","Companies like Rogers, Air Canada and MLSE are also involved in their own similar pilot projects. Advertisement. Story continues below. This advertisement has ...","Pfizer ships vaccine doses from its Puurs, Belgium facility through Louisville on to Canadian destinations by air. ""Unfortunately, the inclement weather in the U.S. ...","Rows 6 - 12 of Air Canada flight number 8239, according to the BCCDC's list of flight exposures. Ben Bogstie, Local Journalism Initiative Reporter, The Interior ...","Weatherill's appointment comes on the heels of Air Canada's takeover deal of ... WestJet, along with Canada, Sunwing and Transat, has also agreed to cancel ..."
2021-01-25,0,"Recently, the Canadian government and some of the country's airlines ‚Äî Air Canada, WestJet, Sunwing, and Air Transat ‚Äî agreed to cancel flights to Mexico and ...","February 10: Air Canada 8550, Vancouver to Regina;; February 10: Canadian North 5T1501, Terrace to Edmonton;; February 11: Air Canada 114, Vancouver to ...",Montreal ‚Äì The International Air Transport Association (IATA) recognizes that the immediate focus of the Government of Canada is limiting the spread of ...,"Recently, the Canadian government and some of the country's airlines ‚Äî Air Canada, WestJet, Sunwing, and Air Transat ‚Äî agreed to cancel flights to Mexico and ...","That required a clandestine ‚Äúpractice‚Äù at the Air Canada Centre late in the 2015-16 season, a night the Leafs were off, the ice was in and the Raptors away.","Recently, the Canadian government and some of the country's airlines ‚Äî Air Canada, WestJet, Sunwing, and Air Transat ‚Äî agreed to cancel flights to Mexico and ...","February 10: Air Canada 8550, Vancouver to Regina;; February 10: Canadian North 5T1501, Terrace to Edmonton;; February 11: Air Canada 114, Vancouver to ...",Montreal ‚Äì The International Air Transport Association (IATA) recognizes that the immediate focus of the Government of Canada is limiting the spread of ...,"Recently, the Canadian government and some of the country's airlines ‚Äî Air Canada, WestJet, Sunwing, and Air Transat ‚Äî agreed to cancel flights to Mexico and ...","That required a clandestine ‚Äúpractice‚Äù at the Air Canada Centre late in the 2015-16 season, a night the Leafs were off, the ice was in and the Raptors away."
2021-01-26,0,"There is new guidance from Canada's national advisory committee on ... and Harry: A CBS Primetime Special‚Äù will air March 7, CBS announced Monday.","I am grateful for Canada's National Observer's commitment to solutions journalism, which provides these determined, joyful and, yes, hopeful young people a ...","This opens the door for OTA (over-the-air) updates of vehicle software as well as a host of system monitoring, support and customization options. Here's the bottom ...","Fresh air, blazing speed and spacious alpine terrain makes skiing and ... bias ‚Äî it's an activity that makes a whole lot of sense in Canada ‚Äî but there's a lot of ...",... Mekong Startups to Mekong Innovations in Sustainable Tourism China Airlines Launches Ultra-Low Temperature Cargo Service Air Canada Suspends Flights ...,Air Canada stock. Air Canada was reaching new heights before the pandemic hit. It was one of the most sought-after growth stocks before the pandemic. Once it ...,Air Canada said in November that it was cancelling orders for 12 Airbus A220s and 10 Boeing 737 Max 8s as the airline was forced to scale down its operations.,"Before assuming the top job in 2009, Calin Rovinescu had worked as Air Canada's Executive Vice President and Chief Restructuring Officer. While at Air Canada, ...","The job cuts meant that Air Canada, Canada's largest airline, essentially cut its workforce in half, from roughly 40,000 people before the pandemic to about 20,000 ...","Transat, which owns Canada's third-largest airline Air Transat, said the EC requested additional information from the parties and now expects to deliver a decision."
2021-01-27,0,A number of other research analysts have also recently commented on the company. ATB Capital upped their price objective on Air Canada (AC.TO) from C$27.50 ...,"If Air Canada can afford $190 million to purchase Air Transat, why are they negotiating with Prime Minister Justin Trudeau for a bailout which is very likely to ...","While Canada's doses of vaccine from Pfizer-BioNTech are made in Belgium, they are being shipped through UPS, which flies them to Canada via its air hub in ...","OTTAWA, Ontario--(BUSINESS WIRE)-- Canada's largest union, and union ... in the sector after Air Canada opted to deny access to their laid-off employees.","Airlines with affected flights include Air Canada, Flair Airlines, and WestJet. Four of these flights were unable to identify which rows were affected.","""When Air Canada returns ‚Äî and it will return, although it might not be on April 11 as it says on its website ‚Äî but when it returns, the airport will be ready."" About ...","The vaccine rollout in Canada has not lived up to expectations. ... the moment, the consortium consists of 12 major Canadian companies, including Air Canada, ...","All flights heading to and from Toronto included WestJet, Air Canada, and Flair Airlines. Here's a list of domestic flights with confirmed COVID-19 cases from ...","TORONTO ‚Äî VISIT FLORIDA and The Weather Network, along with partner Air Canada, have launched 'Wanderlust: Florida', a brand new 4-part docu-series.","On Jan. 13, 2021, Air Canada announced that it was cancelling all flights to Prince Rupert effective Jan. 23 until further notice as part of its COVID-19 Mitigation ..."
2021-01-28,1,"Jim Chung works for Air Canada while Peter Nord has those responsibilities at Sunwing. This report by The Canadian Press was first published Feb. 17, 2021.",(Bloomberg) ‚Äî The Texas energy crisis that sent power prices surging is also leaving a Canadian renewables company with hedging losses after wind and ...,"Canada's doses of the Pfizer-BioNTech vaccine are made in Belgium, but are routed through the UPS air hub in Kentucky. Heath Canada said provinces could ...","OTTAWA -- Canada is expected to face pressure this week to reverse a recent ... forces continued to rely on coalition air power, surveillance and intelligence.","ByThe Canadian Press. February 17 ... There are, however, different additional rules being put in place for air travellers and those arriving at the land border.",... Jayman offers an Ultraviolet air purification system in the Quantum home to ... We are leading by example in Canada and have met 2050 Net Zero targets as of ...,"(Canada), Technex, Astim (Europe), BD|SENSORS GmbH (Germany), Toro Equipment (Europe), WesTech Engineering Inc. (USA), Lenntech B.V. (Europe), Gulf ...","Collection Hood. Ducting, Air Cleaning Device. Blower. Fans ... North America Market (United States, Canada, Mexico). ‚Äì Asia Pacific Market (China, Japan, ...","Stressed capitalization rates are individually applied to the post-reorganization NOI produced by each assets type (Tier I malls, Tier II/noncore malls, open air) to ...","This Air Traffic Flow Management Software Market report is dedicated to ... Asia, India, North America (USA, Canada and Mexico) Europe (Germany, France, UK, ..."
2021-01-29,0,Ventilation systems should also be maintained and air conditioning filters should be changed ... This report by The Canadian Press was first published Feb.,‚ÄúTransat and Air Canada are continuing their discussions regarding potential amendments to the arrangement agreement that may be required. In the context of ...,"Air Canada, United, Ethiopian, KLM, Air India, and several other airlines have all reported windshield cracks while operating their 787s. The issues arose in ...","The 1985 Air India bombing, which killed 331 people, remains the deadliest terrorist plot ever launched in Canada"". ""While attacks around the world in support of ...","Air Canada on Thursday revealed a new special retro livery on one of its new Airbus A220 aircraft. The plane, registered as C-GNBN, features the livery of ...",Air Canada Rouge will no longer operate its service to the Croatian capital Zagreb from Toronto which it introduced back in 2018. ‚ÄúAir Canada Rouge has ...,"Air Canada Vacations invites all agents join these comprehensive package webinars, which will quickly outline not only just how much there is to offer but highlight ...",Air Canada's market dominance has been cemented by its recent deal to buy Air Transat. The airline paid a meagre $190 million to acquire this leisure travel ...,"Air Canada's recent earnings report for 2020 painted a bleak picture, one the company hopes is behind it. It now has $8 billion in liquidity, and reported a 70% ...",The $190-million acquisition by Air Canada that was approved by the federal government remains up in the air as the acquisition was set to be completed by ...
2021-02-01,1,Passengers in rows six to 12 on Air Canada Jazz flight 8050 from Victoria to Vancouver Feb. 12 were exposed to a case of COVID-19. (THE CANADIAN ...,"United Airlines, WestJet and Air Canada began flying the type in January and February. Southwest Airlines, the biggest 737 Max operator, will return it to ...",We continue to work with Air Canada and our leasing customers to help them manage the economic pressures they are facing as a consequence of the sustained ...,"10am - New York City - United Airlines, Air Canada, Lufthansa, Swiss International Airlines, Austrian, Delta Air Lines, Air France, KLM - Royal Dutch Airlines, ...","Two days later, Air Canada flight AC265 from Toronto to Winnipeg reported a positive COVID-19 case on board; however, they were unable to identify affected ...","Air Canada has also laid-off around 1,500 more employees since the travel ban was announced, including 100 call center workers. ‚ÄúWorkers in this sector are ...","Following numerous successful implementations with large enterprise customers such as LiUNA and Air Canada, SMEs, First Nations communities, and a ...","TO), Finning International (FII.TO), Ats Automation (ATA.TO), Air Canada (AC.TO), WSP Global (WSP.TO) and Canadian Pacific Railway (CP.TO) are gaining 1.8 ...","... Panalpina, Nippon Express, GEODIS, VersaCold, Agility, DSV, Sinotrans, Kerry Logistics, SF Express, CEVA, CH Robinson, Air Canada Cargo and others.","Air Canada is an associate member. A4A advocates on behalf of the leading U.S. airlines, both passenger and cargo carriers. A4A works collaboratively with ..."
2021-02-02,1,"Last month, Air Canada cut one daily flight from London to Toronto, leaving one remaining. That's a far cry from the 40 flights and 2,500 passengers a day into ...",We continue to work with Air Canada and our leasing customers to help them manage the economic pressures they are facing as a consequence of the sustained ...,"Additionally, the tech has already been deployed in several pilot projects, including at Air Canada, LiUNA and Waywayseecappo First Nation. It's worth noting ...",Air Canada's former President Calin Rovinescu said last week that talks between airlines and the government about sector-specific aid had accelerated and that ...,"Some of the businesses and organizations using TraceSCAN include Air Canada, LiUNA and Waywayseecappo First Nation. Not everyone, however, is happy ...","... Nichirei Logistics Group, Air Canada Cargo, Helapet, Igloo Thermo-Logistics, Kerry Logistics, XPO Logistics, Cold Chain Technologies, Continental Air Cargo, ...","... Panalpina, Igloo Thermo Logistics, Deutsche Post DHL, CEVA Holdings, World Courier, Continental Cargo, Air Canada Cargo, FedEx, Helapet, CSafe.",Air Canada. Virgin America. Etihad. Lufthansa. Gulf Air. China Eastern Airlines. Also Read: ...,"MCL's shoppers incorporate the Metropolis Of Toronto, Air Canada, Toronto District College Board, Maple Leaf Sports activities and Leisure, and Metro Toronto ...",She is asking anyone who travelled on Air Canada Flight AC8302 from Montreal to Charlottetown on Feb. 16 to get tested for COVID-19 if they haven't already ...
2021-02-03,1,Air Canada Cargo. This newly designed research report replicating current market scenario in global Digital Transformation in Logistics market addresses ...,"Air Canada Cargo. In this section of the research report, numerous major producers of the Intelligent Logistics Sales market are mentioned. It also offers insight ...","The man travelled on Air Canada flight AC8302 from Montreal to Charlottetown on Feb. 16, and anyone on that flight who has not been tested for COVID-19 is ...","... the company is orienting its achievement towards mentoring the Air Canada airliner ‚Äì and more specifically, the vision and leadership of Calin Rovinescu, with ...","The man travelled on Air Canada flight AC8302 from Montreal to Charlottetown on Feb. 16, and anyone on that flight who has not been tested for COVID-19 is ...","... DB Group, FedEx, Nippon Express, World Courier, SF Express, Panalpina, CEVA, Agility, DSV, Kerry Logistics, CH Robinson, VersaCold, Air Canada Cargo ...","The man travelled on Air Canada flight AC8302 from Montreal to Charlottetown on Feb. 16, and anyone on that flight who has not been tested for COVID-19 is ...","The man travelled on Air Canada flight AC8302 from Montreal to Charlottetown on Feb. 16, and anyone on that flight who has not been tested for COVID-19 is ...","The man travelled on Air Canada flight AC8302 from Montreal to Charlottetown on Feb. 16, and anyone on that flight who has not been tested for COVID-19 is ...",... Mekong Startups to Mekong Innovations in Sustainable Tourism China Airlines Launches Ultra-Low Temperature Cargo Service Air Canada Suspends Flights ...
2021-02-04,0,... Mekong Startups to Mekong Innovations in Sustainable Tourism China Airlines Launches Ultra-Low Temperature Cargo Service Air Canada Suspends Flights ...,... Airlines Launches Ultra-Low Temperature Cargo Service Air Canada Suspends Flights to 15 Destinations in Mexico and Caribbean Etihad Airways Continues ...,"... CH Robinson, CEVA, VersaCold, Sinotrans, DSV, Kerry Logistics, Agility, Air Canada Cargo,. Major type covered in the research report: Cold Chain Logistics, ...",GEODIS. VersaCold. Agility. DSV. Sinotrans. Kerry Logistics. SF Express. CEVA. CH Robinson. Air Canada Cargo. Direct Purchase this Market Research Report ...,"Air Canada CEVA Logistics DB Schenker Deutsche Post AG FedEx LifeConEx. Marken United Parcel Service of America, Inc. VersaCold Logistics Services.",Air Canada Cargo By Types: ‚Ä¢ Cold Chain Logistics ‚Ä¢ Non-cold Chain Logistics By Applications: ‚Ä¢ Ground Shipping ‚Ä¢ Sea Shipping ‚Ä¢ Air Shipping Geographically ...,"The key players in the global airline ancillary services market are Air Canada (Canada), Air France-KLM (France), Alaska Air Group, Inc. (US), American Airlines, ...",Air Canada. Virgin America. Etihad. Lufthansa. Gulf Air. China Eastern Airlines. Also Read: ...,CEVA; Yusen Logistics; World Courier; VersaCold; Air Canada Cargo; Agility. To Understand How Covid-19 Impact Is Covered in This Report ‚Äì ...,
2021-02-05,1,"Transat, which owns Canada's third-largest airline Air Transat, said the EC requested additional information from the parties and now expects to deliver a decision.",A number of other research analysts have also recently commented on the company. ATB Capital upped their price objective on Air Canada (AC.TO) from C$27.50 ...,"If Air Canada can afford $190 million to purchase Air Transat, why are they negotiating with Prime Minister Justin Trudeau for a bailout which is very likely to ...","While Canada's doses of vaccine from Pfizer-BioNTech are made in Belgium, they are being shipped through UPS, which flies them to Canada via its air hub in ...","OTTAWA, Ontario--(BUSINESS WIRE)-- Canada's largest union, and union ... in the sector after Air Canada opted to deny access to their laid-off employees.","Airlines with affected flights include Air Canada, Flair Airlines, and WestJet. Four of these flights were unable to identify which rows were affected.","""When Air Canada returns ‚Äî and it will return, although it might not be on April 11 as it says on its website ‚Äî but when it returns, the airport will be ready."" About ...","The vaccine rollout in Canada has not lived up to expectations. ... the moment, the consortium consists of 12 major Canadian companies, including Air Canada, ...","All flights heading to and from Toronto included WestJet, Air Canada, and Flair Airlines. Here's a list of domestic flights with confirmed COVID-19 cases from ...","TORONTO ‚Äî VISIT FLORIDA and The Weather Network, along with partner Air Canada, have launched 'Wanderlust: Florida', a brand new 4-part docu-series."
2021-02-08,0,We continue to work with Air Canada and our leasing customers to help them manage the economic pressures they are facing as a consequence of the sustained ...,"10am - New York City - United Airlines, Air Canada, Lufthansa, Swiss International Airlines, Austrian, Delta Air Lines, Air France, KLM - Royal Dutch Airlines, ...","Two days later, Air Canada flight AC265 from Toronto to Winnipeg reported a positive COVID-19 case on board; however, they were unable to identify affected ...","Air Canada has also laid-off around 1,500 more employees since the travel ban was announced, including 100 call center workers. ‚ÄúWorkers in this sector are ...","Following numerous successful implementations with large enterprise customers such as LiUNA and Air Canada, SMEs, First Nations communities, and a ...","TO), Finning International (FII.TO), Ats Automation (ATA.TO), Air Canada (AC.TO), WSP Global (WSP.TO) and Canadian Pacific Railway (CP.TO) are gaining 1.8 ...","... Panalpina, Nippon Express, GEODIS, VersaCold, Agility, DSV, Sinotrans, Kerry Logistics, SF Express, CEVA, CH Robinson, Air Canada Cargo and others.","Air Canada is an associate member. A4A advocates on behalf of the leading U.S. airlines, both passenger and cargo carriers. A4A works collaboratively with ...","Last month, Air Canada cut one daily flight from London to Toronto, leaving one remaining. That's a far cry from the 40 flights and 2,500 passengers a day into ...",We continue to work with Air Canada and our leasing customers to help them manage the economic pressures they are facing as a consequence of the sustained ...
2021-02-09,0,"Air Canada your site login is broken, and there is no way to get help",Air Canada to suspend 17 more routes,I had the worse experience in my life with Air Canda. I have booked a flight and I cancelled later on,,,,,,,
2021-02-10,0,Air Canada is temporarily cutting 17 more routes as it struggles to operate amid government travel restrictions designed to mitigate the spread of the coronavirus.,"Air Canada is cutting an additional 1,500 jobs and suspending more international flights while the airline grapples with heavy travel restrictions imposed to help ...","Investors understand that Air Canada's business is suffering substantially. Sales are down 90%, and the company is bleeding cash every day. Long-term investors ...","In Canada, Air Canada (TSX:AC) is often looked to as such a rebound play for longer-term investors willing to hold through the volatility. Whether or not Air Canada ...",Air Canada is Canada's largest domestic and international airline. Canada's flag carrier is among the 20 largest airlines in the world and in 2019 served over 51 ...,And it could take at least two to three years for AC stock to return to the $40 level. Let's be more conservative in our projection. If Air Canada stock takes three to ...,"Air Canada (TSX:AC). Down 15 cents to $21.50. In the latest sign of COVID-19's devastating toll on Canada's aviation sector, Air Canada said Tuesday that it will ...","The latest Air Canada cuts came about two weeks after Canadian airlines including Swoop, the low-cost rival owned by WestJet, agreed to suspend flights to ...",Most of the article looked at the potential for the Atlantic provinces to create our own homegrown airline to replace West Jet and Air Canada as they pull out of ...,"SWANTON, Ohio ‚Äî The Aerospace & Natural Science Academy of Toledo has partnered with Air Canada and Tata Consultancy Services partnered for the ..."
2021-02-11,1,Why?  Air Canda has proven it cannot operate without millions in corporate welfare,"Incoming Air Canada CEO faces empty airports, a frosty Trudeau and big shoes to fill",Air Canada has lot to learn about what customer service means and what reasonable flight prices are,Federal government approves Air Canda and AirTransat merger with conditions,My favorite Canadian airline is being taken over by my least favorite airline. I hope Air Canada will learn something about customer service from AirTransat,Air Canada has been awarded with the YVR Green Excellence Award for the second year in a row,Canadian Federal Government has effectively destroyed Canadian Aviation Industry!!,Just got my Air Canada flight cancelled because of harsh measures. Visting my wife in two weeks might not happen but this trip is essential,We are growing and bringing more low fares to more Canadian cities,Remember Air Canada wouldnít refund the flight they cancelled and lay off peopl
2021-02-12,1,"Air Canada concluded (12-Feb-2021) a series of financing transactions in 2020, totalling CAD6.8 billion, to support the implementation of its planned mitigation ...","Visa, MasterCard say fees are lower, but business groups argue pandemic shopping habits changed the equation. Air Canada cuts 1,500 more jobs and cancels ...","Air Canada EVP and CCO Lucie Guillemette, speaking during the airline's 4Q2020 earnings call, stated the airline intends to convert seven of its Boeing ...",Air Canada reduced (12-Feb-2021) ASM capacity by 67% in 2020 compared to 2019 and plans to reduce 1Q2021 capacity by approximately 85% compared to ...,"Current estimates are based on international travellers arriving by air. Passengers must quarantine and self-monitor for 14 days and, if symptomatic, to get tested. ","Air Canada reported (12-Feb-2021) the following financial highlights: Three months ended 31-Dec-2020: Total operating revenue: CAD827 million, -81.3% ...","Before you consider Air Canada, you may want to hear this. Motley Fool Canadian Chief Investment Advisor, Iain Butler, and his Stock Advisor Canada team just ...",Air Canada completed (14-Feb-2021) a company wide cost reduction and capital reduction and deferral programme in 2020 which reached CAD1.7 billion.,"Ammon News - Air Canada, the largest Canadian airline, posted a staggering $1.16 billion loss in the fourth quarter of 2020 due to the COVID-19 pandemic.",In 2020 Air Canada's total passenger flight operations declined by 73 percent for what CEO Calvin Rovinescu described as the ‚Äúbleakest year in the history of ...
2021-02-16,1,"Air Canada's Michael Rousseau takes the helm of the largest Canadian airline at a time when it faces multiple crises, the biggest of which is not of its own ...","Frankly, putting this burden on air travel is, we think, far too cumbersome. ... As such, Air Canada and WestJet each have temporarily suspended flights to Mexico ...","Air Canada will bring greater stability to Canada's air transport market,‚Äù he said in a statement. Advertisment. The pandemic was also cited as a factor when ...","Transport Canada ordered all commercial air traffic to go through the four international airports active in Canada (Montreal, Toronto, Calgary and Vancouver) ...","Uplift has signed new BNPL partnerships with airlines such as Aeromexico, Air Canada, Alaska Airlines and more. The platform also signed on with cruise lines ...","But the Canadian airframer assures it will continue to support the Learjet fleet ... to offer Gogo Business Aviation's 4G air-to-ground Internet system, AVANCE L5, ...","Congratulations Calin Rovinescu on your well-earned retirement. Thank you for 12 years of leadership, vision and unwavering dedication to making Air Canada a global champion.","After  Air Canda recently suspended its service, Gander Airport has been left with no daily national service.","Yesterday's  Air Canda flight AC843 Dublin to Toronto will be the last for a long time, another route & country gone as we continue to disconnect",Bravo and thank you for banning the carriage of shark fins on your airline. Why cannot all airlines do the same.
2021-02-17,1,"Air Canada was up 2.3% to C$22.85. If the deal falls apart, it may open the door to Quebecor Inc. Chief Executive Officer Pierre Karl Peladeau ...","‚ÄúCargo will be an increasingly important part of Air Canada's future,‚Äù said outgoing president & CEO Calin Rovinescu this week, following the release of the ...",Transat and Air Canada are continuing their discussions regarding potential amendments to the Arrangement Agreement that may be required. ,Canadian tour operator Transat A.T. Inc said on Tuesday Air Canada refused to extend the deadline for its C$188.7 million ($148.73 million) ...,Air Canada CEO Calin Rovinescu said on the company's recent conference call that he was optimistic about a deal being put together. This comes after what he ...,Ellen made several attempts with Air Canada to get her money back. She wrote the Canadian government. She tried to challenge the charge on her credit card.,"Air Canada has already laid off thousands and removed about 100 airplanes from its fleet. Should Air Canada go completely out of business, many Canadian ...","Air travel has also come under scrutiny and starting next week, arrivals into Canada will have to head to a quarantine hotel as they await testing.","Air Canada estimated its ongoing losses average $15 million a day, according to Blacklock's Reporter. ‚ÄúDemand for air travel has been devastated and airlines are ...",Many believe that the travel industry shouldn't restart until pilots and air crew ... carrier Air Canada Rouge has suspended all operations until the end of April.
2021-02-18,0,"Air Canada will not extend Monday's deadline for its acquisition of the company, after European regulators failed to give their approval, Transat said earlier on ...", Air Canada was reaching new heights before the pandemic hit. It was one of the most sought-after growth stocks before the pandemic.,Air Canada said in November that it was cancelling orders for 12 Airbus A220s and 10 Boeing 737 Max 8s as the airline was forced to scale down its operations.,"Before assuming the top job in 2009, Calin Rovinescu had worked as Air Canada's Executive Vice President and Chief Restructuring Officer.",Air Canada announced that it was cancelling all flights to Prince Rupert effective Jan. 23 until further notice as part of its COVID-19 Mitigation ...,"TORONTO ‚Äî VISIT FLORIDA and The Weather Network, along with partner Air Canada, have launched 'Wanderlust: Florida', a brand new 4-part docu-series.","At the moment, the consortium consists of 12 major Canadian companies, including Air Canada, Suncor and Nutrien, which are part of a pilot project on the ...","If Air Canada can afford $190 million to purchase Air Transat, why are they negotiating with Prime Minister Justin Trudeau for a bailout which is very likely to ...","The job cuts meant that Air Canada, Canada's largest airline, essentially cut its workforce in half, from roughly 40,000 people before the pandemic to about 20,000 ...",Air Canada's acquisition of Transat is up in the air after Canada's largest airline said it will not allow more time for the deal to go through. 5. 'Provide ...
2021-02-19,1,The $190-million acquisition by Air Canada that was approved by the federal government remains ,We continue to work with Air Canada and our leasing customers to help them manage the economic pressures they are facing as a consequence of the sustained ...,"The Canadian government has identified 22 more COVID-19 cases on ... Two days later, Air Canada flight AC265 from Toronto to Winnipeg reported a positive ...",Air Canada's market dominance has been cemented by its recent deal to buy Air Transat. The airline paid a meagre $190 million to acquire this leisure travel ...,"Nevertheless, the language of the Quarantine Order permits the Government of Canada to require air travellers to undergo a second post-arrival COVID-19 ...",Chorus' vision is to deliver regional aviation to the world. Chorus has been leasing its owned regional aircraft into Jazz's Air Canada Express operation since 2009 ...,‚ÄúTransat and Air Canada are continuing their discussions regarding potential amendments to the arrangement agreement that may be required.,(Montreal) Transat AT on Thursday announced that it has received some financial relief as the European Commission's decision on the takeover of Air Canada ...,Maree Curtis and her partner had booked their holiday of a lifetime to celebrate retirement ‚Äì flights with Air Canada; a rail trip on the Rocky Mountaineer and an ...,"Air Canada has shown off its retro Trans-Canada Air Lines paint scheme for a new Airbus A220. In a tweet, the airline said: Fresh from the Airbus paint shop in ..."
2021-02-22,1,Air Canada (AC / ACA) has announced that its latest Airbus A220-300 to be delivered will feature a new special livery. The aircraft will be painted in a special ...,Air Canada (TSX:AC) stock is a popular investment right now. Shares are up more than 60% since their 2020 lows. Just don't pile into this stock yet. When most ...,Air Canada expressed big optimism over the long-expected federal support in its earnings call last week. The flag carrier is comfortable at the moment with its ...,"Head back to February 20, 1999 and the Toronto Maple Leafs played their first game of then Air Canada Centre after moving from Maple Leaf Gardens.","The plane was transformed from an Air Canada passenger model with Air Canada taking part in taking satellites to space. This unit still flies today, keeping the ...","Others may have just showered, headed for the team bus in the loading dock at Scotiabank Arena and boarded the club's Air Canada charter back to Ottawa ...","Frank DeRozan could regularly be seen over the years at the then Air Canada Centre before and after games cheering on his son, who was drafted by the club ...","TO) and Air Canada (AC.TO) moved up 3 to 4%. Technology stocks Lightspeed Pos (LSPD.TO), Celestica Inc. (CLS.TO), Kinaxis Inc. (KXS.TO) and Shopify Inc.","The Maple Leafs hosted the Canadiens, on Feb. 20, 1999, in the first NHL game played at the Air Canada Centre. Todd Warriner scored the first goal in the new ...",Crown corporations such as Via Rail and Canada Post and former Crown corporations such as Air Canada and Canadian National will also continue to offer ...
2021-02-23,1,"Even those stocks that will still take some time to recover post-pandemic are seeing shares rise. That includes businesses like Air Canada (TSX:AC), a company ...","The facility will terminate either on June 30 or at the closing of the arrangement with Air Canada, whichever is the earliest date, Transat AT explained in a ...","If the takeover goes through smoothly, we could see Air Canada operating the A321LR for years and potentially expanding its fleet in the future (or buying the ...",... in acquiring Transat AT from his personal investment company after Air Canada said it will not allow more time for it's takeover of the airline to go through.,They are also asking passengers who travelled on Air Canada Flight 8773 from St. John's to Montreal on Feb. 15 to arrange testing. This report by The Canadian ...,Public Health identified a positive case in a traveler who may have been infectious on Air Canada Flight 8906 on February 8th while ongoing from Montreal to ...,"Public Health is asking passengers who travelled on Air Canada Flight 8773 from St. John's to Montreal on Monday, February 15, 2021, to arrange testing.",US Airways AirTran. Delta Air Canada Virgin America Etihad Lufthansa Gulf Air China Eastern Airlines China Southern Airlines Hainan Airlines Spring Airlines.,"Air Canada Flight 8906 from Montreal to Moncton departing at 7:10 p.m.. For a full list of exposures, refer to CTV News' updated list of COVID-19 exposures in ...",Passengers on the following flight should self-monitor for symptoms and get tested if symptoms develop: Air Canada Flight 8906 ‚Äì from Montreal to Moncton that ...
2021-02-24,1,"So we ended up going to the Air Canada Cup, which was called the backpack in the day where the top team from each province would play to see who would be ...","WestJet suspended all flights to cities like Charlottetown, Fredericton, Moncton and Qu√©bec City. Air Canada last June 30 suspended all flights on thirty routes ...","Air Canada last June 30 suspended all flights on thirty routes including Regina to Winnipeg, North Bay to Toronto and Saint John to Halifax. Alghabra said ...",Air Canada ‚Ä¢ AmerisourceBergen Corp. ‚Ä¢ CEVA Logistics AG ‚Ä¢ Cold Chain Technologies LLC ‚Ä¢ Continental Cargo OU ‚Ä¢ DB Schenker ‚Ä¢ Deutsche Post AG,"This gives Air Canada roughly 15% upside potential to its target price. A 15% return isn't horrible, but several Canadian stocks are far more attractive today. And ...",‚ÄúAir Canada believes a collaborative approach with the Government of Canada involving all air carriers is the best means to respond to the COVID-19 pandemic ...,"The analyst holds a buy rating for Air Canada, Alaska Air Group, JetBlue Airways, Mesa Air Group, and Southwest. He also holds an underperform rating for ...","In a long-awaited decision, on February 11, 2021, Canada's newly appointed Transport Minister approved Air Canada's acquisition of rival Air Transat on public ...","Air Canada notably cut about half of its entire workforce, furloughing over 16,000 employees. The fact that Qatar Airways is already looking to call back some of ...","Air Canada and Sunwing also have 737 MAX aircrafts in their fleets. The MAX crisis began with a 2018 crash of the jet in Indonesia, followed by another in ..."
2021-02-25,0,Air Canada will sell the retired B767 passenger planes to ATSG-owned lessor Cargo Aircraft Management (CAM) and then lease them back after they are ...,"She even launched her own TV show, What's On Your Post-Pandemic Bucket List?, which is now seen on all Air Canada flights, and more recently her bubbly ...","Between Air Canada (TSX:AC) and BlackBerry (TSX:BB), which stock is a contrarian fit? The post Which Is a Better Contrarian Buy: Air Canada or BlackBerry?","Air Canada received over 400 million dollars from the government for wage subsidies, and promptly layed thousands off. Big Pharma is responsible for price ...","Air Canada spokeswoman Angela Mah said losing towers ""would have an impact on overall efficiencies as airline operations become significantly more ...",Air Canada (TSX:AC) grew into a juggernaut in the latter half of the previous decade ‚Äî an amazing comeback for a company that looked to be on the brink of ...,"The analyst holds a buy rating for Air Canada, Alaska Air Group, JetBlue Airways, Mesa Air Group, and Southwest. He also holds an underperform rating for ...","Air Canada has 25 777s in its fleet, but they use an engine made by General Electric, and are not subject to the grounding recommendation. Other Canadian ...","On Monday, Air Canada's sharp gains came after Deutsche Bank upgraded its outlook for the airline sector. Deutsche Bank analyst Michael Linenberg believes ‚Äú ...","Much like the Denver incident, the Air Canada Boeing 777 had suffered an engine shutdown, and the plane went on to make an emergency landing at the airport."
